budget_btc,unique_paths_controlled
0.01,76424
0.023269,127005
0.054145,212055
0.125992,322312
0.293173,462087
0.68219,609145
1.587401,720063
3.693752,779021
8.595059,806024
20.0,817723
