budget_btc,total_control
0.01,30713
0.023269,43859
0.054145,47153
0.125992,32802
0.293173,74871
0.68219,39041
1.587401,107864
3.693752,136150
8.595059,86398
20.0,248690
